homeassistant/button/flirc-bridge_comfee_ac_(midea)_fan_toggle/attributes;{"format": "csv", "hash": "04d1fe15dccca255b5a1b3646589ddef08e3b1226d0dd0a07f10700c7e881b66", "updated_at": "2025-11-09T21:08:49.934057"}
homeassistant/button/flirc-bridge_comfee_ac_(midea)_fan_toggle/config;{"name": "Comfee AC (midea) Fan Toggle", "command_topic": "homeassistant/button/flirc-bridge_comfee_ac_(midea)_fan_toggle", "payload_press": "PRESS", "unique_id": "flirc-bridge_comfee_ac_(midea)_fan_toggle", "device": {"identifiers": ["flirc-bridge"], "manufacturer": "Flirc MQTT", "name": "Flirc MQTT Bridge"}, "json_attributes_topic": "homeassistant/button/flirc-bridge_comfee_ac_(midea)_fan_toggle/attributes", "json_attributes_template": "{{ value_json | tojson }}"}
homeassistant/button/flirc-bridge_comfee_ac_(midea)_follow_me_toggle/attributes;{"format": "csv", "hash": "1c4a7738268b561b415ceb940dd2dfdc69b09873f6556b288935cb04803451a3", "updated_at": "2025-11-09T21:08:49.946081"}
homeassistant/button/flirc-bridge_comfee_ac_(midea)_follow_me_toggle/config;{"name": "Comfee AC (midea) Follow Me Toggle", "command_topic": "homeassistant/button/flirc-bridge_comfee_ac_(midea)_follow_me_toggle", "payload_press": "PRESS", "unique_id": "flirc-bridge_comfee_ac_(midea)_follow_me_toggle", "device": {"identifiers": ["flirc-bridge"], "manufacturer": "Flirc MQTT", "name": "Flirc MQTT Bridge"}, "json_attributes_topic": "homeassistant/button/flirc-bridge_comfee_ac_(midea)_follow_me_toggle/attributes", "json_attributes_template": "{{ value_json | tojson }}"}
homeassistant/button/flirc-bridge_comfee_ac_(midea)_led_toggle/attributes;{"format": "csv", "hash": "b024200ac12f7e316322a26af8b0e5dfc077b0b04438be7bdd45d8e4bb6c8735", "updated_at": "2025-11-09T21:08:49.948601"}
homeassistant/button/flirc-bridge_comfee_ac_(midea)_led_toggle/config;{"name": "Comfee AC (midea) LED Toggle", "command_topic": "homeassistant/button/flirc-bridge_comfee_ac_(midea)_led_toggle", "payload_press": "PRESS", "unique_id": "flirc-bridge_comfee_ac_(midea)_led_toggle", "device": {"identifiers": ["flirc-bridge"], "manufacturer": "Flirc MQTT", "name": "Flirc MQTT Bridge"}, "json_attributes_topic": "homeassistant/button/flirc-bridge_comfee_ac_(midea)_led_toggle/attributes", "json_attributes_template": "{{ value_json | tojson }}"}
homeassistant/button/flirc-bridge_comfee_ac_(midea)_mode/attributes;{"format": "csv", "hash": "6ffbfa3b94d07ca6187edfb0fe4008d61142e52c6b95df50eb247aa0c738286e", "updated_at": "2025-11-09T21:08:49.918836"}
homeassistant/button/flirc-bridge_comfee_ac_(midea)_mode/config;{"name": "Comfee AC (midea) Mode", "command_topic": "homeassistant/button/flirc-bridge_comfee_ac_(midea)_mode", "payload_press": "PRESS", "unique_id": "flirc-bridge_comfee_ac_(midea)_mode", "device": {"identifiers": ["flirc-bridge"], "manufacturer": "Flirc MQTT", "name": "Flirc MQTT Bridge"}, "json_attributes_topic": "homeassistant/button/flirc-bridge_comfee_ac_(midea)_mode/attributes", "json_attributes_template": "{{ value_json | tojson }}"}
homeassistant/button/flirc-bridge_comfee_ac_(midea)_short_cut_toggle/attributes;{"format": "csv", "hash": "5ef03255f5d2cb94f73a333fbc3edaf5dfcbabedb8f55f1b17547e278be6e15e", "updated_at": "2025-11-09T21:08:49.922912"}
homeassistant/button/flirc-bridge_comfee_ac_(midea)_short_cut_toggle/config;{"name": "Comfee AC (midea) Short Cut Toggle", "command_topic": "homeassistant/button/flirc-bridge_comfee_ac_(midea)_short_cut_toggle", "payload_press": "PRESS", "unique_id": "flirc-bridge_comfee_ac_(midea)_short_cut_toggle", "device": {"identifiers": ["flirc-bridge"], "manufacturer": "Flirc MQTT", "name": "Flirc MQTT Bridge"}, "json_attributes_topic": "homeassistant/button/flirc-bridge_comfee_ac_(midea)_short_cut_toggle/attributes", "json_attributes_template": "{{ value_json | tojson }}"}
homeassistant/button/flirc-bridge_comfee_ac_(midea)_sleep_toggle/attributes;{"format": "csv", "hash": "fe79a95b19324ddb4edfa337523f1ef6d6ef3cfed3819fd970b9b2d5d84eff60", "updated_at": "2025-11-09T21:08:49.942464"}
homeassistant/button/flirc-bridge_comfee_ac_(midea)_sleep_toggle/config;{"name": "Comfee AC (midea) Sleep Toggle", "command_topic": "homeassistant/button/flirc-bridge_comfee_ac_(midea)_sleep_toggle", "payload_press": "PRESS", "unique_id": "flirc-bridge_comfee_ac_(midea)_sleep_toggle", "device": {"identifiers": ["flirc-bridge"], "manufacturer": "Flirc MQTT", "name": "Flirc MQTT Bridge"}, "json_attributes_topic": "homeassistant/button/flirc-bridge_comfee_ac_(midea)_sleep_toggle/attributes", "json_attributes_template": "{{ value_json | tojson }}"}
homeassistant/button/flirc-bridge_comfee_ac_(midea)_temperature_down/attributes;{"format": "csv", "hash": "292b86b656c45a9ac742dd99d9df0e7ca3c0c0e0dd2686a5123096af7c731d49", "updated_at": "2025-11-09T21:08:49.939872"}
homeassistant/button/flirc-bridge_comfee_ac_(midea)_temperature_down/config;{"name": "Comfee AC (midea) Temperature Down", "command_topic": "homeassistant/button/flirc-bridge_comfee_ac_(midea)_temperature_down", "payload_press": "PRESS", "unique_id": "flirc-bridge_comfee_ac_(midea)_temperature_down", "device": {"identifiers": ["flirc-bridge"], "manufacturer": "Flirc MQTT", "name": "Flirc MQTT Bridge"}, "json_attributes_topic": "homeassistant/button/flirc-bridge_comfee_ac_(midea)_temperature_down/attributes", "json_attributes_template": "{{ value_json | tojson }}"}
homeassistant/button/flirc-bridge_comfee_ac_(midea)_temperature_up/attributes;{"format": "csv", "hash": "c1ad28a47608d46a3985577387a2347edbad46e9d71e4c3502d43085d470bb46", "updated_at": "2025-11-09T21:08:49.937357"}
homeassistant/button/flirc-bridge_comfee_ac_(midea)_temperature_up/config;{"name": "Comfee AC (midea) Temperature Up", "command_topic": "homeassistant/button/flirc-bridge_comfee_ac_(midea)_temperature_up", "payload_press": "PRESS", "unique_id": "flirc-bridge_comfee_ac_(midea)_temperature_up", "device": {"identifiers": ["flirc-bridge"], "manufacturer": "Flirc MQTT", "name": "Flirc MQTT Bridge"}, "json_attributes_topic": "homeassistant/button/flirc-bridge_comfee_ac_(midea)_temperature_up/attributes", "json_attributes_template": "{{ value_json | tojson }}"}
homeassistant/button/flirc-bridge_comfee_ac_(midea)_timer_off/attributes;{"format": "csv", "hash": "4d609993035d4fefe11326fa80cfb6f025a28e3ce675bac82a05b3816ca602c6", "updated_at": "2025-11-09T21:08:49.929938"}
homeassistant/button/flirc-bridge_comfee_ac_(midea)_timer_off/config;{"name": "Comfee AC (midea) Timer Off", "command_topic": "homeassistant/button/flirc-bridge_comfee_ac_(midea)_timer_off", "payload_press": "PRESS", "unique_id": "flirc-bridge_comfee_ac_(midea)_timer_off", "device": {"identifiers": ["flirc-bridge"], "manufacturer": "Flirc MQTT", "name": "Flirc MQTT Bridge"}, "json_attributes_topic": "homeassistant/button/flirc-bridge_comfee_ac_(midea)_timer_off/attributes", "json_attributes_template": "{{ value_json | tojson }}"}
homeassistant/button/flirc-bridge_comfee_ac_(midea)_timer_on/attributes;{"format": "csv", "hash": "10f20978acb6eb9e8a15c04a650a3e1ac618826f042a53116489440dc1c38d24", "updated_at": "2025-11-09T21:08:49.926900"}
homeassistant/button/flirc-bridge_comfee_ac_(midea)_timer_on/config;{"name": "Comfee AC (midea) Timer On", "command_topic": "homeassistant/button/flirc-bridge_comfee_ac_(midea)_timer_on", "payload_press": "PRESS", "unique_id": "flirc-bridge_comfee_ac_(midea)_timer_on", "device": {"identifiers": ["flirc-bridge"], "manufacturer": "Flirc MQTT", "name": "Flirc MQTT Bridge"}, "json_attributes_topic": "homeassistant/button/flirc-bridge_comfee_ac_(midea)_timer_on/attributes", "json_attributes_template": "{{ value_json | tojson }}"}
homeassistant/button/flirc-bridge_comfee_ac_(midea)_toggle/attributes;{"format": "csv", "hash": "dddf73fa9ba60bd566deb0e432467952fe84807a28740664f374ad3bfe374e4c", "updated_at": "2025-11-09T21:08:49.914697"}
homeassistant/button/flirc-bridge_comfee_ac_(midea)_toggle/config;{"name": "Comfee AC (midea) Toggle", "command_topic": "homeassistant/button/flirc-bridge_comfee_ac_(midea)_toggle", "payload_press": "PRESS", "unique_id": "flirc-bridge_comfee_ac_(midea)_toggle", "device": {"identifiers": ["flirc-bridge"], "manufacturer": "Flirc MQTT", "name": "Flirc MQTT Bridge"}, "json_attributes_topic": "homeassistant/button/flirc-bridge_comfee_ac_(midea)_toggle/attributes", "json_attributes_template": "{{ value_json | tojson }}"}
homeassistant/button/flirc-bridge_compact_space_heater_speed/attributes;{"format": "raw", "hash": "e6c58cc6d1dd43df9ff5bbf7a6a506b98f83eb4654b6e0855ec91137a66036f3", "updated_at": "2025-11-09T21:08:49.767587"}
homeassistant/button/flirc-bridge_compact_space_heater_speed/config;{"name": "Compact Space Heater Speed", "command_topic": "homeassistant/button/flirc-bridge_compact_space_heater_speed", "payload_press": "PRESS", "unique_id": "flirc-bridge_compact_space_heater_speed", "device": {"identifiers": ["flirc-bridge"], "manufacturer": "Flirc MQTT", "name": "Flirc MQTT Bridge"}, "json_attributes_topic": "homeassistant/button/flirc-bridge_compact_space_heater_speed/attributes", "json_attributes_template": "{{ value_json | tojson }}"}
homeassistant/button/flirc-bridge_compact_space_heater_temperature_down/attributes;{"format": "raw", "hash": "20e8f32d76d5b4b5cae6f124b64f9b51b90abdfe44dd3b26a44bb504e9a1a482", "updated_at": "2025-11-09T21:08:49.761989"}
homeassistant/button/flirc-bridge_compact_space_heater_temperature_down/config;{"name": "Compact Space Heater Temperature Down", "command_topic": "homeassistant/button/flirc-bridge_compact_space_heater_temperature_down", "payload_press": "PRESS", "unique_id": "flirc-bridge_compact_space_heater_temperature_down", "device": {"identifiers": ["flirc-bridge"], "manufacturer": "Flirc MQTT", "name": "Flirc MQTT Bridge"}, "json_attributes_topic": "homeassistant/button/flirc-bridge_compact_space_heater_temperature_down/attributes", "json_attributes_template": "{{ value_json | tojson }}"}
homeassistant/button/flirc-bridge_compact_space_heater_temperature_up/attributes;{"format": "raw", "hash": "04fb23963d7bcdb75bbaefa8dd3cd968e5577ca6da9b881ce90879cce6af5b12", "updated_at": "2025-11-09T21:08:49.757429"}
homeassistant/button/flirc-bridge_compact_space_heater_temperature_up/config;{"name": "Compact Space Heater Temperature Up", "command_topic": "homeassistant/button/flirc-bridge_compact_space_heater_temperature_up", "payload_press": "PRESS", "unique_id": "flirc-bridge_compact_space_heater_temperature_up", "device": {"identifiers": ["flirc-bridge"], "manufacturer": "Flirc MQTT", "name": "Flirc MQTT Bridge"}, "json_attributes_topic": "homeassistant/button/flirc-bridge_compact_space_heater_temperature_up/attributes", "json_attributes_template": "{{ value_json | tojson }}"}
homeassistant/button/flirc-bridge_compact_space_heater_timer/attributes;{"format": "raw", "hash": "b3731edc911888060e330380e6c4a14ca681421a613d1d4df89e38b16532e0f8", "updated_at": "2025-11-09T21:08:49.750394"}
homeassistant/button/flirc-bridge_compact_space_heater_timer/config;{"name": "Compact Space Heater Timer", "command_topic": "homeassistant/button/flirc-bridge_compact_space_heater_timer", "payload_press": "PRESS", "unique_id": "flirc-bridge_compact_space_heater_timer", "device": {"identifiers": ["flirc-bridge"], "manufacturer": "Flirc MQTT", "name": "Flirc MQTT Bridge"}, "json_attributes_topic": "homeassistant/button/flirc-bridge_compact_space_heater_timer/attributes", "json_attributes_template": "{{ value_json | tojson }}"}
homeassistant/button/flirc-bridge_compact_space_heater_toggle/attributes;{"format": "raw", "hash": "0ae3b9d0fba86e4a3811d18d70a4d49838cfbb4c6296e3c6e4dc764c7db99c61", "updated_at": "2025-11-09T21:08:49.743316"}
homeassistant/button/flirc-bridge_compact_space_heater_toggle/config;{"name": "Compact Space Heater Toggle", "command_topic": "homeassistant/button/flirc-bridge_compact_space_heater_toggle", "payload_press": "PRESS", "unique_id": "flirc-bridge_compact_space_heater_toggle", "device": {"identifiers": ["flirc-bridge"], "manufacturer": "Flirc MQTT", "name": "Flirc MQTT Bridge"}, "json_attributes_topic": "homeassistant/button/flirc-bridge_compact_space_heater_toggle/attributes", "json_attributes_template": "{{ value_json | tojson }}"}
homeassistant/button/flirc-bridge_digital_picture_frame_diashow/attributes;{"format": "csv", "hash": "4f53cda18c2baa0c0354bb5f9a3ecbe5ed12ab4d8e11ba873c2f11161202b945", "updated_at": "2025-11-09T21:08:50.012584"}
homeassistant/button/flirc-bridge_digital_picture_frame_diashow/config;{"name": "Digital Picture Frame Diashow", "command_topic": "homeassistant/button/flirc-bridge_digital_picture_frame_diashow", "payload_press": "PRESS", "unique_id": "flirc-bridge_digital_picture_frame_diashow", "device": {"identifiers": ["flirc-bridge"], "manufacturer": "Flirc MQTT", "name": "Flirc MQTT Bridge"}, "json_attributes_topic": "homeassistant/button/flirc-bridge_digital_picture_frame_diashow/attributes", "json_attributes_template": "{{ value_json | tojson }}"}
homeassistant/button/flirc-bridge_digital_picture_frame_down/attributes;{"format": "csv", "hash": "4f53cda18c2baa0c0354bb5f9a3ecbe5ed12ab4d8e11ba873c2f11161202b945", "updated_at": "2025-11-09T21:08:49.991874"}
homeassistant/button/flirc-bridge_digital_picture_frame_down/config;{"name": "Digital Picture Frame Down", "command_topic": "homeassistant/button/flirc-bridge_digital_picture_frame_down", "payload_press": "PRESS", "unique_id": "flirc-bridge_digital_picture_frame_down", "device": {"identifiers": ["flirc-bridge"], "manufacturer": "Flirc MQTT", "name": "Flirc MQTT Bridge"}, "json_attributes_topic": "homeassistant/button/flirc-bridge_digital_picture_frame_down/attributes", "json_attributes_template": "{{ value_json | tojson }}"}
homeassistant/button/flirc-bridge_digital_picture_frame_left/attributes;{"format": "csv", "hash": "4f53cda18c2baa0c0354bb5f9a3ecbe5ed12ab4d8e11ba873c2f11161202b945", "updated_at": "2025-11-09T21:08:49.982118"}
homeassistant/button/flirc-bridge_digital_picture_frame_left/config;{"name": "Digital Picture Frame Left", "command_topic": "homeassistant/button/flirc-bridge_digital_picture_frame_left", "payload_press": "PRESS", "unique_id": "flirc-bridge_digital_picture_frame_left", "device": {"identifiers": ["flirc-bridge"], "manufacturer": "Flirc MQTT", "name": "Flirc MQTT Bridge"}, "json_attributes_topic": "homeassistant/button/flirc-bridge_digital_picture_frame_left/attributes", "json_attributes_template": "{{ value_json | tojson }}"}
homeassistant/button/flirc-bridge_digital_picture_frame_menu/attributes;{"format": "csv", "hash": "4f53cda18c2baa0c0354bb5f9a3ecbe5ed12ab4d8e11ba873c2f11161202b945", "updated_at": "2025-11-09T21:08:49.968278"}
homeassistant/button/flirc-bridge_digital_picture_frame_menu/config;{"name": "Digital Picture Frame Menu", "command_topic": "homeassistant/button/flirc-bridge_digital_picture_frame_menu", "payload_press": "PRESS", "unique_id": "flirc-bridge_digital_picture_frame_menu", "device": {"identifiers": ["flirc-bridge"], "manufacturer": "Flirc MQTT", "name": "Flirc MQTT Bridge"}, "json_attributes_topic": "homeassistant/button/flirc-bridge_digital_picture_frame_menu/attributes", "json_attributes_template": "{{ value_json | tojson }}"}
homeassistant/button/flirc-bridge_digital_picture_frame_next/attributes;{"format": "csv", "hash": "4f53cda18c2baa0c0354bb5f9a3ecbe5ed12ab4d8e11ba873c2f11161202b945", "updated_at": "2025-11-09T21:08:49.998345"}
homeassistant/button/flirc-bridge_digital_picture_frame_next/config;{"name": "Digital Picture Frame Next", "command_topic": "homeassistant/button/flirc-bridge_digital_picture_frame_next", "payload_press": "PRESS", "unique_id": "flirc-bridge_digital_picture_frame_next", "device": {"identifiers": ["flirc-bridge"], "manufacturer": "Flirc MQTT", "name": "Flirc MQTT Bridge"}, "json_attributes_topic": "homeassistant/button/flirc-bridge_digital_picture_frame_next/attributes", "json_attributes_template": "{{ value_json | tojson }}"}
homeassistant/button/flirc-bridge_digital_picture_frame_ok/attributes;{"format": "csv", "hash": "4f53cda18c2baa0c0354bb5f9a3ecbe5ed12ab4d8e11ba873c2f11161202b945", "updated_at": "2025-11-09T21:08:49.974933"}
homeassistant/button/flirc-bridge_digital_picture_frame_ok/config;{"name": "Digital Picture Frame Ok", "command_topic": "homeassistant/button/flirc-bridge_digital_picture_frame_ok", "payload_press": "PRESS", "unique_id": "flirc-bridge_digital_picture_frame_ok", "device": {"identifiers": ["flirc-bridge"], "manufacturer": "Flirc MQTT", "name": "Flirc MQTT Bridge"}, "json_attributes_topic": "homeassistant/button/flirc-bridge_digital_picture_frame_ok/attributes", "json_attributes_template": "{{ value_json | tojson }}"}
homeassistant/button/flirc-bridge_digital_picture_frame_osd_toggle/attributes;{"format": "csv", "hash": "4f53cda18c2baa0c0354bb5f9a3ecbe5ed12ab4d8e11ba873c2f11161202b945", "updated_at": "2025-11-09T21:08:49.972192"}
homeassistant/button/flirc-bridge_digital_picture_frame_osd_toggle/config;{"name": "Digital Picture Frame OSD Toggle", "command_topic": "homeassistant/button/flirc-bridge_digital_picture_frame_osd_toggle", "payload_press": "PRESS", "unique_id": "flirc-bridge_digital_picture_frame_osd_toggle", "device": {"identifiers": ["flirc-bridge"], "manufacturer": "Flirc MQTT", "name": "Flirc MQTT Bridge"}, "json_attributes_topic": "homeassistant/button/flirc-bridge_digital_picture_frame_osd_toggle/attributes", "json_attributes_template": "{{ value_json | tojson }}"}
homeassistant/button/flirc-bridge_digital_picture_frame_previous/attributes;{"format": "csv", "hash": "4f53cda18c2baa0c0354bb5f9a3ecbe5ed12ab4d8e11ba873c2f11161202b945", "updated_at": "2025-11-09T21:08:49.994824"}
homeassistant/button/flirc-bridge_digital_picture_frame_previous/config;{"name": "Digital Picture Frame Previous", "command_topic": "homeassistant/button/flirc-bridge_digital_picture_frame_previous", "payload_press": "PRESS", "unique_id": "flirc-bridge_digital_picture_frame_previous", "device": {"identifiers": ["flirc-bridge"], "manufacturer": "Flirc MQTT", "name": "Flirc MQTT Bridge"}, "json_attributes_topic": "homeassistant/button/flirc-bridge_digital_picture_frame_previous/attributes", "json_attributes_template": "{{ value_json | tojson }}"}
homeassistant/button/flirc-bridge_digital_picture_frame_ratio/attributes;{"format": "csv", "hash": "4f53cda18c2baa0c0354bb5f9a3ecbe5ed12ab4d8e11ba873c2f11161202b945", "updated_at": "2025-11-09T21:08:50.009992"}
homeassistant/button/flirc-bridge_digital_picture_frame_ratio/config;{"name": "Digital Picture Frame Ratio", "command_topic": "homeassistant/button/flirc-bridge_digital_picture_frame_ratio", "payload_press": "PRESS", "unique_id": "flirc-bridge_digital_picture_frame_ratio", "device": {"identifiers": ["flirc-bridge"], "manufacturer": "Flirc MQTT", "name": "Flirc MQTT Bridge"}, "json_attributes_topic": "homeassistant/button/flirc-bridge_digital_picture_frame_ratio/attributes", "json_attributes_template": "{{ value_json | tojson }}"}
homeassistant/button/flirc-bridge_digital_picture_frame_repeat/attributes;{"format": "csv", "hash": "4f53cda18c2baa0c0354bb5f9a3ecbe5ed12ab4d8e11ba873c2f11161202b945", "updated_at": "2025-11-09T21:08:50.001362"}
homeassistant/button/flirc-bridge_digital_picture_frame_repeat/config;{"name": "Digital Picture Frame Repeat", "command_topic": "homeassistant/button/flirc-bridge_digital_picture_frame_repeat", "payload_press": "PRESS", "unique_id": "flirc-bridge_digital_picture_frame_repeat", "device": {"identifiers": ["flirc-bridge"], "manufacturer": "Flirc MQTT", "name": "Flirc MQTT Bridge"}, "json_attributes_topic": "homeassistant/button/flirc-bridge_digital_picture_frame_repeat/attributes", "json_attributes_template": "{{ value_json | tojson }}"}
homeassistant/button/flirc-bridge_digital_picture_frame_right/attributes;{"format": "csv", "hash": "4f53cda18c2baa0c0354bb5f9a3ecbe5ed12ab4d8e11ba873c2f11161202b945", "updated_at": "2025-11-09T21:08:49.987362"}
homeassistant/button/flirc-bridge_digital_picture_frame_right/config;{"name": "Digital Picture Frame Right", "command_topic": "homeassistant/button/flirc-bridge_digital_picture_frame_right", "payload_press": "PRESS", "unique_id": "flirc-bridge_digital_picture_frame_right", "device": {"identifiers": ["flirc-bridge"], "manufacturer": "Flirc MQTT", "name": "Flirc MQTT Bridge"}, "json_attributes_topic": "homeassistant/button/flirc-bridge_digital_picture_frame_right/attributes", "json_attributes_template": "{{ value_json | tojson }}"}
homeassistant/button/flirc-bridge_digital_picture_frame_search/attributes;{"format": "csv", "hash": "4f53cda18c2baa0c0354bb5f9a3ecbe5ed12ab4d8e11ba873c2f11161202b945", "updated_at": "2025-11-09T21:08:50.005966"}
homeassistant/button/flirc-bridge_digital_picture_frame_search/config;{"name": "Digital Picture Frame Search", "command_topic": "homeassistant/button/flirc-bridge_digital_picture_frame_search", "payload_press": "PRESS", "unique_id": "flirc-bridge_digital_picture_frame_search", "device": {"identifiers": ["flirc-bridge"], "manufacturer": "Flirc MQTT", "name": "Flirc MQTT Bridge"}, "json_attributes_topic": "homeassistant/button/flirc-bridge_digital_picture_frame_search/attributes", "json_attributes_template": "{{ value_json | tojson }}"}
homeassistant/button/flirc-bridge_digital_picture_frame_setup/attributes;{"format": "csv", "hash": "4f53cda18c2baa0c0354bb5f9a3ecbe5ed12ab4d8e11ba873c2f11161202b945", "updated_at": "2025-11-09T21:08:49.964744"}
homeassistant/button/flirc-bridge_digital_picture_frame_setup/config;{"name": "Digital Picture Frame Setup", "command_topic": "homeassistant/button/flirc-bridge_digital_picture_frame_setup", "payload_press": "PRESS", "unique_id": "flirc-bridge_digital_picture_frame_setup", "device": {"identifiers": ["flirc-bridge"], "manufacturer": "Flirc MQTT", "name": "Flirc MQTT Bridge"}, "json_attributes_topic": "homeassistant/button/flirc-bridge_digital_picture_frame_setup/attributes", "json_attributes_template": "{{ value_json | tojson }}"}
homeassistant/button/flirc-bridge_digital_picture_frame_toggle/attributes;{"format": "csv", "hash": "4f53cda18c2baa0c0354bb5f9a3ecbe5ed12ab4d8e11ba873c2f11161202b945", "updated_at": "2025-11-09T21:08:49.962188"}
homeassistant/button/flirc-bridge_digital_picture_frame_toggle/config;{"name": "Digital Picture Frame Toggle", "command_topic": "homeassistant/button/flirc-bridge_digital_picture_frame_toggle", "payload_press": "PRESS", "unique_id": "flirc-bridge_digital_picture_frame_toggle", "device": {"identifiers": ["flirc-bridge"], "manufacturer": "Flirc MQTT", "name": "Flirc MQTT Bridge"}, "json_attributes_topic": "homeassistant/button/flirc-bridge_digital_picture_frame_toggle/attributes", "json_attributes_template": "{{ value_json | tojson }}"}
homeassistant/button/flirc-bridge_digital_picture_frame_up/attributes;{"format": "csv", "hash": "4f53cda18c2baa0c0354bb5f9a3ecbe5ed12ab4d8e11ba873c2f11161202b945", "updated_at": "2025-11-09T21:08:49.979549"}
homeassistant/button/flirc-bridge_digital_picture_frame_up/config;{"name": "Digital Picture Frame Up", "command_topic": "homeassistant/button/flirc-bridge_digital_picture_frame_up", "payload_press": "PRESS", "unique_id": "flirc-bridge_digital_picture_frame_up", "device": {"identifiers": ["flirc-bridge"], "manufacturer": "Flirc MQTT", "name": "Flirc MQTT Bridge"}, "json_attributes_topic": "homeassistant/button/flirc-bridge_digital_picture_frame_up/attributes", "json_attributes_template": "{{ value_json | tojson }}"}
homeassistant/button/flirc-bridge_led_strip_brightness_down/attributes;{"format": "csv", "hash": "bf42afde8fc61ba87b0058ce3e3e8a8dbce9d92f00242eb01f04a3282a59fc16", "updated_at": "2025-11-09T21:08:49.807975"}
homeassistant/button/flirc-bridge_led_strip_brightness_down/config;{"name": "LED Strip Brightness Down", "command_topic": "homeassistant/button/flirc-bridge_led_strip_brightness_down", "payload_press": "PRESS", "unique_id": "flirc-bridge_led_strip_brightness_down", "device": {"identifiers": ["flirc-bridge"], "manufacturer": "Flirc MQTT", "name": "Flirc MQTT Bridge"}, "json_attributes_topic": "homeassistant/button/flirc-bridge_led_strip_brightness_down/attributes", "json_attributes_template": "{{ value_json | tojson }}"}
homeassistant/button/flirc-bridge_led_strip_brightness_up/attributes;{"format": "csv", "hash": "2c94defddb4d90e327c68e16f822dedc61b571ce14449f9f4099d47bfe389c05", "updated_at": "2025-11-09T21:08:49.810480"}
homeassistant/button/flirc-bridge_led_strip_brightness_up/config;{"name": "LED Strip Brightness Up", "command_topic": "homeassistant/button/flirc-bridge_led_strip_brightness_up", "payload_press": "PRESS", "unique_id": "flirc-bridge_led_strip_brightness_up", "device": {"identifiers": ["flirc-bridge"], "manufacturer": "Flirc MQTT", "name": "Flirc MQTT Bridge"}, "json_attributes_topic": "homeassistant/button/flirc-bridge_led_strip_brightness_up/attributes", "json_attributes_template": "{{ value_json | tojson }}"}
homeassistant/button/flirc-bridge_led_strip_color_blue/attributes;{"format": "csv", "hash": "827199eaeee544c928f2bdcb1fbfde7f474740ea8c71040b0b0dbeb0aa86a13d", "updated_at": "2025-11-09T21:08:49.783371"}
homeassistant/button/flirc-bridge_led_strip_color_blue/config;{"name": "LED Strip Color Blue", "command_topic": "homeassistant/button/flirc-bridge_led_strip_color_blue", "payload_press": "PRESS", "unique_id": "flirc-bridge_led_strip_color_blue", "device": {"identifiers": ["flirc-bridge"], "manufacturer": "Flirc MQTT", "name": "Flirc MQTT Bridge"}, "json_attributes_topic": "homeassistant/button/flirc-bridge_led_strip_color_blue/attributes", "json_attributes_template": "{{ value_json | tojson }}"}
homeassistant/button/flirc-bridge_led_strip_color_pink/attributes;{"format": "csv", "hash": "b928e9bc545937c398506b4d666f6989b4347f2f3937651f91226ae515dac48b", "updated_at": "2025-11-09T21:08:49.786449"}
homeassistant/button/flirc-bridge_led_strip_color_pink/config;{"name": "LED Strip Color Pink", "command_topic": "homeassistant/button/flirc-bridge_led_strip_color_pink", "payload_press": "PRESS", "unique_id": "flirc-bridge_led_strip_color_pink", "device": {"identifiers": ["flirc-bridge"], "manufacturer": "Flirc MQTT", "name": "Flirc MQTT Bridge"}, "json_attributes_topic": "homeassistant/button/flirc-bridge_led_strip_color_pink/attributes", "json_attributes_template": "{{ value_json | tojson }}"}
homeassistant/button/flirc-bridge_led_strip_color_red/attributes;{"format": "csv", "hash": "daa7392027d7871d76c56aaae00975434afcc29a97a83e0630a654ce0e17f3f3", "updated_at": "2025-11-09T21:08:49.780350"}
homeassistant/button/flirc-bridge_led_strip_color_red/config;{"name": "LED Strip Color Red", "command_topic": "homeassistant/button/flirc-bridge_led_strip_color_red", "payload_press": "PRESS", "unique_id": "flirc-bridge_led_strip_color_red", "device": {"identifiers": ["flirc-bridge"], "manufacturer": "Flirc MQTT", "name": "Flirc MQTT Bridge"}, "json_attributes_topic": "homeassistant/button/flirc-bridge_led_strip_color_red/attributes", "json_attributes_template": "{{ value_json | tojson }}"}
homeassistant/button/flirc-bridge_led_strip_color_white/attributes;{"format": "csv", "hash": "ab59293557c868a72ce002bafe650e33a1007f8bbb51d322ca6b3d35d9c782f2", "updated_at": "2025-11-09T21:08:49.790620"}
homeassistant/button/flirc-bridge_led_strip_color_white/config;{"name": "LED Strip Color White", "command_topic": "homeassistant/button/flirc-bridge_led_strip_color_white", "payload_press": "PRESS", "unique_id": "flirc-bridge_led_strip_color_white", "device": {"identifiers": ["flirc-bridge"], "manufacturer": "Flirc MQTT", "name": "Flirc MQTT Bridge"}, "json_attributes_topic": "homeassistant/button/flirc-bridge_led_strip_color_white/attributes", "json_attributes_template": "{{ value_json | tojson }}"}
homeassistant/button/flirc-bridge_led_strip_effect_fade/attributes;{"format": "csv", "hash": "2ed3011325b3bb26cf3e6fef330fe9e3b1dbbbd4c2ddcdd8460b015b2b953553", "updated_at": "2025-11-09T21:08:49.799333"}
homeassistant/button/flirc-bridge_led_strip_effect_fade/config;{"name": "LED Strip Effect Fade", "command_topic": "homeassistant/button/flirc-bridge_led_strip_effect_fade", "payload_press": "PRESS", "unique_id": "flirc-bridge_led_strip_effect_fade", "device": {"identifiers": ["flirc-bridge"], "manufacturer": "Flirc MQTT", "name": "Flirc MQTT Bridge"}, "json_attributes_topic": "homeassistant/button/flirc-bridge_led_strip_effect_fade/attributes", "json_attributes_template": "{{ value_json | tojson }}"}
homeassistant/button/flirc-bridge_led_strip_effect_flash/attributes;{"format": "csv", "hash": "fa33d8d3a053e066013d191e1a5a84921406e7e6f48093929b950761fa8fd990", "updated_at": "2025-11-09T21:08:49.794309"}
homeassistant/button/flirc-bridge_led_strip_effect_flash/config;{"name": "LED Strip Effect Flash", "command_topic": "homeassistant/button/flirc-bridge_led_strip_effect_flash", "payload_press": "PRESS", "unique_id": "flirc-bridge_led_strip_effect_flash", "device": {"identifiers": ["flirc-bridge"], "manufacturer": "Flirc MQTT", "name": "Flirc MQTT Bridge"}, "json_attributes_topic": "homeassistant/button/flirc-bridge_led_strip_effect_flash/attributes", "json_attributes_template": "{{ value_json | tojson }}"}
homeassistant/button/flirc-bridge_led_strip_effect_smooth/attributes;{"format": "csv", "hash": "67957f5175b14ea9e9e609a1567519bff07ceae6751cd238e75400f1910fe250", "updated_at": "2025-11-09T21:08:49.804409"}
homeassistant/button/flirc-bridge_led_strip_effect_smooth/config;{"name": "LED Strip Effect Smooth", "command_topic": "homeassistant/button/flirc-bridge_led_strip_effect_smooth", "payload_press": "PRESS", "unique_id": "flirc-bridge_led_strip_effect_smooth", "device": {"identifiers": ["flirc-bridge"], "manufacturer": "Flirc MQTT", "name": "Flirc MQTT Bridge"}, "json_attributes_topic": "homeassistant/button/flirc-bridge_led_strip_effect_smooth/attributes", "json_attributes_template": "{{ value_json | tojson }}"}
homeassistant/button/flirc-bridge_led_strip_effect_strobe/attributes;{"format": "csv", "hash": "dd5bb5c848689438846e4870eea54f8ff74591c08bdb938a9f739f9af4a475a4", "updated_at": "2025-11-09T21:08:49.796822"}
homeassistant/button/flirc-bridge_led_strip_effect_strobe/config;{"name": "LED Strip Effect Strobe", "command_topic": "homeassistant/button/flirc-bridge_led_strip_effect_strobe", "payload_press": "PRESS", "unique_id": "flirc-bridge_led_strip_effect_strobe", "device": {"identifiers": ["flirc-bridge"], "manufacturer": "Flirc MQTT", "name": "Flirc MQTT Bridge"}, "json_attributes_topic": "homeassistant/button/flirc-bridge_led_strip_effect_strobe/attributes", "json_attributes_template": "{{ value_json | tojson }}"}
homeassistant/button/flirc-bridge_led_strip_off/attributes;{"format": "csv", "hash": "135a265dd9be8e39f69784972dfd35d9e8a9fef7a7d5ca6b0b1f970e6f688d2c", "updated_at": "2025-11-09T21:08:49.773813"}
homeassistant/button/flirc-bridge_led_strip_off/config;{"name": "LED Strip Off", "command_topic": "homeassistant/button/flirc-bridge_led_strip_off", "payload_press": "PRESS", "unique_id": "flirc-bridge_led_strip_off", "device": {"identifiers": ["flirc-bridge"], "manufacturer": "Flirc MQTT", "name": "Flirc MQTT Bridge"}, "json_attributes_topic": "homeassistant/button/flirc-bridge_led_strip_off/attributes", "json_attributes_template": "{{ value_json | tojson }}"}
homeassistant/button/flirc-bridge_led_strip_on/attributes;{"format": "csv", "hash": "aedce25e2520995fecc5ecdbb8f81c7e08d735762cc64a0786e530a5be607136", "updated_at": "2025-11-09T21:08:49.777836"}
homeassistant/button/flirc-bridge_led_strip_on/config;{"name": "LED Strip On", "command_topic": "homeassistant/button/flirc-bridge_led_strip_on", "payload_press": "PRESS", "unique_id": "flirc-bridge_led_strip_on", "device": {"identifiers": ["flirc-bridge"], "manufacturer": "Flirc MQTT", "name": "Flirc MQTT Bridge"}, "json_attributes_topic": "homeassistant/button/flirc-bridge_led_strip_on/attributes", "json_attributes_template": "{{ value_json | tojson }}"}
homeassistant/button/flirc-bridge_medion_tv_browser/attributes;{"format": "csv", "hash": "df9be334726410b076a2fdfc72c66fc435f194301623c39b91011b38fe30ba7a", "updated_at": "2025-11-09T21:08:49.877266"}
homeassistant/button/flirc-bridge_medion_tv_browser/config;{"name": "Medion TV Browser", "command_topic": "homeassistant/button/flirc-bridge_medion_tv_browser", "payload_press": "PRESS", "unique_id": "flirc-bridge_medion_tv_browser", "device": {"identifiers": ["flirc-bridge"], "manufacturer": "Flirc MQTT", "name": "Flirc MQTT Bridge"}, "json_attributes_topic": "homeassistant/button/flirc-bridge_medion_tv_browser/attributes", "json_attributes_template": "{{ value_json | tojson }}"}
homeassistant/button/flirc-bridge_medion_tv_down/attributes;{"format": "csv", "hash": "3e96f97fdb85cb9cfad25d668d3bc0fc94c517b52d5fdebfdfb6aa972ffa547e", "updated_at": "2025-11-09T21:08:49.855503"}
homeassistant/button/flirc-bridge_medion_tv_down/config;{"name": "Medion TV Down", "command_topic": "homeassistant/button/flirc-bridge_medion_tv_down", "payload_press": "PRESS", "unique_id": "flirc-bridge_medion_tv_down", "device": {"identifiers": ["flirc-bridge"], "manufacturer": "Flirc MQTT", "name": "Flirc MQTT Bridge"}, "json_attributes_topic": "homeassistant/button/flirc-bridge_medion_tv_down/attributes", "json_attributes_template": "{{ value_json | tojson }}"}
homeassistant/button/flirc-bridge_medion_tv_exit/attributes;{"format": "csv", "hash": "c9780d1c1a3aaab58c38da65b9f5cee10597913c928876156a1b574ac1a9cea5", "updated_at": "2025-11-09T21:08:49.879865"}
homeassistant/button/flirc-bridge_medion_tv_exit/config;{"name": "Medion TV Exit", "command_topic": "homeassistant/button/flirc-bridge_medion_tv_exit", "payload_press": "PRESS", "unique_id": "flirc-bridge_medion_tv_exit", "device": {"identifiers": ["flirc-bridge"], "manufacturer": "Flirc MQTT", "name": "Flirc MQTT Bridge"}, "json_attributes_topic": "homeassistant/button/flirc-bridge_medion_tv_exit/attributes", "json_attributes_template": "{{ value_json | tojson }}"}
homeassistant/button/flirc-bridge_medion_tv_left/attributes;{"format": "csv", "hash": "9fd05164d4447a3c00c35f3024b1c163c938cfb64c80620c676d8de3846b5219", "updated_at": "2025-11-09T21:08:49.846988"}
homeassistant/button/flirc-bridge_medion_tv_left/config;{"name": "Medion TV Left", "command_topic": "homeassistant/button/flirc-bridge_medion_tv_left", "payload_press": "PRESS", "unique_id": "flirc-bridge_medion_tv_left", "device": {"identifiers": ["flirc-bridge"], "manufacturer": "Flirc MQTT", "name": "Flirc MQTT Bridge"}, "json_attributes_topic": "homeassistant/button/flirc-bridge_medion_tv_left/attributes", "json_attributes_template": "{{ value_json | tojson }}"}
homeassistant/button/flirc-bridge_medion_tv_menu/attributes;{"format": "csv", "hash": "1c94c5fa3627a0724a354510d6988292209f286267a391c93281d6420d8a0529", "updated_at": "2025-11-09T21:08:49.871160"}
homeassistant/button/flirc-bridge_medion_tv_menu/config;{"name": "Medion TV Menu", "command_topic": "homeassistant/button/flirc-bridge_medion_tv_menu", "payload_press": "PRESS", "unique_id": "flirc-bridge_medion_tv_menu", "device": {"identifiers": ["flirc-bridge"], "manufacturer": "Flirc MQTT", "name": "Flirc MQTT Bridge"}, "json_attributes_topic": "homeassistant/button/flirc-bridge_medion_tv_menu/attributes", "json_attributes_template": "{{ value_json | tojson }}"}
homeassistant/button/flirc-bridge_medion_tv_mute/attributes;{"format": "csv", "hash": "01522b8a0d4bf9877cc97d7e2f4b91e522ab0457baa05d948b8ca3935255dcf8", "updated_at": "2025-11-09T21:08:49.841490"}
homeassistant/button/flirc-bridge_medion_tv_mute/config;{"name": "Medion TV Mute", "command_topic": "homeassistant/button/flirc-bridge_medion_tv_mute", "payload_press": "PRESS", "unique_id": "flirc-bridge_medion_tv_mute", "device": {"identifiers": ["flirc-bridge"], "manufacturer": "Flirc MQTT", "name": "Flirc MQTT Bridge"}, "json_attributes_topic": "homeassistant/button/flirc-bridge_medion_tv_mute/attributes", "json_attributes_template": "{{ value_json | tojson }}"}
homeassistant/button/flirc-bridge_medion_tv_ok/attributes;{"format": "csv", "hash": "d0e53ecf2ff5612aff471f597ce2eb4c33df58af428fd82f0620281f2b41d403", "updated_at": "2025-11-09T21:08:49.866625"}
homeassistant/button/flirc-bridge_medion_tv_ok/config;{"name": "Medion TV Ok", "command_topic": "homeassistant/button/flirc-bridge_medion_tv_ok", "payload_press": "PRESS", "unique_id": "flirc-bridge_medion_tv_ok", "device": {"identifiers": ["flirc-bridge"], "manufacturer": "Flirc MQTT", "name": "Flirc MQTT Bridge"}, "json_attributes_topic": "homeassistant/button/flirc-bridge_medion_tv_ok/attributes", "json_attributes_template": "{{ value_json | tojson }}"}
homeassistant/button/flirc-bridge_medion_tv_return/attributes;{"format": "csv", "hash": "1e02a0d0041c8acb8f5378f037723eb787a68839044ef57ab272b44a2c608916", "updated_at": "2025-11-09T21:08:49.873800"}
homeassistant/button/flirc-bridge_medion_tv_return/config;{"name": "Medion TV Return", "command_topic": "homeassistant/button/flirc-bridge_medion_tv_return", "payload_press": "PRESS", "unique_id": "flirc-bridge_medion_tv_return", "device": {"identifiers": ["flirc-bridge"], "manufacturer": "Flirc MQTT", "name": "Flirc MQTT Bridge"}, "json_attributes_topic": "homeassistant/button/flirc-bridge_medion_tv_return/attributes", "json_attributes_template": "{{ value_json | tojson }}"}
homeassistant/button/flirc-bridge_medion_tv_right/attributes;{"format": "csv", "hash": "dd7b17be564e06096e3be49515d1cf2a1672c159169f75679d1857b498a4a966", "updated_at": "2025-11-09T21:08:49.861042"}
homeassistant/button/flirc-bridge_medion_tv_right/config;{"name": "Medion TV Right", "command_topic": "homeassistant/button/flirc-bridge_medion_tv_right", "payload_press": "PRESS", "unique_id": "flirc-bridge_medion_tv_right", "device": {"identifiers": ["flirc-bridge"], "manufacturer": "Flirc MQTT", "name": "Flirc MQTT Bridge"}, "json_attributes_topic": "homeassistant/button/flirc-bridge_medion_tv_right/attributes", "json_attributes_template": "{{ value_json | tojson }}"}
homeassistant/button/flirc-bridge_medion_tv_source/attributes;{"format": "csv", "hash": "78005322be003a97b34bf368d4fa1a17ff80fc4937fca0c8d29b785461fe16fa", "updated_at": "2025-11-09T21:08:49.843992"}
homeassistant/button/flirc-bridge_medion_tv_source/config;{"name": "Medion TV Source", "command_topic": "homeassistant/button/flirc-bridge_medion_tv_source", "payload_press": "PRESS", "unique_id": "flirc-bridge_medion_tv_source", "device": {"identifiers": ["flirc-bridge"], "manufacturer": "Flirc MQTT", "name": "Flirc MQTT Bridge"}, "json_attributes_topic": "homeassistant/button/flirc-bridge_medion_tv_source/attributes", "json_attributes_template": "{{ value_json | tojson }}"}
homeassistant/button/flirc-bridge_medion_tv_toggle/attributes;{"format": "csv", "hash": "c17056a8318f9a6060e44b736bca2fbe555c692c59cf9e4b5e875c8f643b9156", "updated_at": "2025-11-09T21:08:49.838490"}
homeassistant/button/flirc-bridge_medion_tv_toggle/config;{"name": "Medion TV Toggle", "command_topic": "homeassistant/button/flirc-bridge_medion_tv_toggle", "payload_press": "PRESS", "unique_id": "flirc-bridge_medion_tv_toggle", "device": {"identifiers": ["flirc-bridge"], "manufacturer": "Flirc MQTT", "name": "Flirc MQTT Bridge"}, "json_attributes_topic": "homeassistant/button/flirc-bridge_medion_tv_toggle/attributes", "json_attributes_template": "{{ value_json | tojson }}"}
homeassistant/button/flirc-bridge_medion_tv_up/attributes;{"format": "csv", "hash": "ad4e4b6e3f2ee5a83e2696329449654b4e5945947049dc4fe2f81e7c31c2ae66", "updated_at": "2025-11-09T21:08:49.850490"}
homeassistant/button/flirc-bridge_medion_tv_up/config;{"name": "Medion TV Up", "command_topic": "homeassistant/button/flirc-bridge_medion_tv_up", "payload_press": "PRESS", "unique_id": "flirc-bridge_medion_tv_up", "device": {"identifiers": ["flirc-bridge"], "manufacturer": "Flirc MQTT", "name": "Flirc MQTT Bridge"}, "json_attributes_topic": "homeassistant/button/flirc-bridge_medion_tv_up/attributes", "json_attributes_template": "{{ value_json | tojson }}"}
homeassistant/button/flirc-bridge_silvercrest_electric_radiator_fan_toggle/attributes;{"format": "csv", "hash": "516b4dd982db5dbd138faeceab2e11d329e3022014a07c3c2fb92d3bc849425e", "updated_at": "2025-11-09T21:08:49.896167"}
homeassistant/button/flirc-bridge_silvercrest_electric_radiator_fan_toggle/config;{"name": "Silvercrest Electric Radiator Fan Toggle", "command_topic": "homeassistant/button/flirc-bridge_silvercrest_electric_radiator_fan_toggle", "payload_press": "PRESS", "unique_id": "flirc-bridge_silvercrest_electric_radiator_fan_toggle", "device": {"identifiers": ["flirc-bridge"], "manufacturer": "Flirc MQTT", "name": "Flirc MQTT Bridge"}, "json_attributes_topic": "homeassistant/button/flirc-bridge_silvercrest_electric_radiator_fan_toggle/attributes", "json_attributes_template": "{{ value_json | tojson }}"}
homeassistant/button/flirc-bridge_silvercrest_electric_radiator_power/attributes;{"format": "csv", "hash": "ca531f1c17801c6ba3cb5061098fb5f634d9cfc1c9f357840672c9579b67a896", "updated_at": "2025-11-09T21:08:49.893117"}
homeassistant/button/flirc-bridge_silvercrest_electric_radiator_power/config;{"name": "Silvercrest Electric Radiator Power", "command_topic": "homeassistant/button/flirc-bridge_silvercrest_electric_radiator_power", "payload_press": "PRESS", "unique_id": "flirc-bridge_silvercrest_electric_radiator_power", "device": {"identifiers": ["flirc-bridge"], "manufacturer": "Flirc MQTT", "name": "Flirc MQTT Bridge"}, "json_attributes_topic": "homeassistant/button/flirc-bridge_silvercrest_electric_radiator_power/attributes", "json_attributes_template": "{{ value_json | tojson }}"}
homeassistant/button/flirc-bridge_silvercrest_electric_radiator_temperature_down/attributes;{"format": "csv", "hash": "dbf12b6697dc2ae1728e8ba5b1f11a4b08b3f1dee6e6b23dd9f8357ddfeb88bf", "updated_at": "2025-11-09T21:08:49.907417"}
homeassistant/button/flirc-bridge_silvercrest_electric_radiator_temperature_down/config;{"name": "Silvercrest Electric Radiator Temperature Down", "command_topic": "homeassistant/button/flirc-bridge_silvercrest_electric_radiator_temperature_down", "payload_press": "PRESS", "unique_id": "flirc-bridge_silvercrest_electric_radiator_temperature_down", "device": {"identifiers": ["flirc-bridge"], "manufacturer": "Flirc MQTT", "name": "Flirc MQTT Bridge"}, "json_attributes_topic": "homeassistant/button/flirc-bridge_silvercrest_electric_radiator_temperature_down/attributes", "json_attributes_template": "{{ value_json | tojson }}"}
homeassistant/button/flirc-bridge_silvercrest_electric_radiator_temperature_unit/attributes;{"format": "csv", "hash": "806edc8705cd401852bbaf0a264e777ddc36d20f793c86129dd252e15b604d94", "updated_at": "2025-11-09T21:08:49.899192"}
homeassistant/button/flirc-bridge_silvercrest_electric_radiator_temperature_unit/config;{"name": "Silvercrest Electric Radiator Temperature Unit", "command_topic": "homeassistant/button/flirc-bridge_silvercrest_electric_radiator_temperature_unit", "payload_press": "PRESS", "unique_id": "flirc-bridge_silvercrest_electric_radiator_temperature_unit", "device": {"identifiers": ["flirc-bridge"], "manufacturer": "Flirc MQTT", "name": "Flirc MQTT Bridge"}, "json_attributes_topic": "homeassistant/button/flirc-bridge_silvercrest_electric_radiator_temperature_unit/attributes", "json_attributes_template": "{{ value_json | tojson }}"}
homeassistant/button/flirc-bridge_silvercrest_electric_radiator_temperature_up/attributes;{"format": "csv", "hash": "2b84806cde773bd674f3915fccad67d1bf1faa1a50274b39524fc2255a7e5232", "updated_at": "2025-11-09T21:08:49.904341"}
homeassistant/button/flirc-bridge_silvercrest_electric_radiator_temperature_up/config;{"name": "Silvercrest Electric Radiator Temperature Up", "command_topic": "homeassistant/button/flirc-bridge_silvercrest_electric_radiator_temperature_up", "payload_press": "PRESS", "unique_id": "flirc-bridge_silvercrest_electric_radiator_temperature_up", "device": {"identifiers": ["flirc-bridge"], "manufacturer": "Flirc MQTT", "name": "Flirc MQTT Bridge"}, "json_attributes_topic": "homeassistant/button/flirc-bridge_silvercrest_electric_radiator_temperature_up/attributes", "json_attributes_template": "{{ value_json | tojson }}"}
homeassistant/button/flirc-bridge_silvercrest_electric_radiator_timer/attributes;{"format": "csv", "hash": "70e66a9f3d9d99ad9c7df596b2a2aa64ad14c6edc95d8fa4f8b2b9312189f6b7", "updated_at": "2025-11-09T21:08:49.910923"}
homeassistant/button/flirc-bridge_silvercrest_electric_radiator_timer/config;{"name": "Silvercrest Electric Radiator Timer", "command_topic": "homeassistant/button/flirc-bridge_silvercrest_electric_radiator_timer", "payload_press": "PRESS", "unique_id": "flirc-bridge_silvercrest_electric_radiator_timer", "device": {"identifiers": ["flirc-bridge"], "manufacturer": "Flirc MQTT", "name": "Flirc MQTT Bridge"}, "json_attributes_topic": "homeassistant/button/flirc-bridge_silvercrest_electric_radiator_timer/attributes", "json_attributes_template": "{{ value_json | tojson }}"}
homeassistant/button/flirc-bridge_silvercrest_electric_radiator_toggle/attributes;{"format": "csv", "hash": "161f527ea187e191a3f555a45a305cf5bbc0fb5148d467c1fd629bd303e33190", "updated_at": "2025-11-09T21:08:49.890595"}
homeassistant/button/flirc-bridge_silvercrest_electric_radiator_toggle/config;{"name": "Silvercrest Electric Radiator Toggle", "command_topic": "homeassistant/button/flirc-bridge_silvercrest_electric_radiator_toggle", "payload_press": "PRESS", "unique_id": "flirc-bridge_silvercrest_electric_radiator_toggle", "device": {"identifiers": ["flirc-bridge"], "manufacturer": "Flirc MQTT", "name": "Flirc MQTT Bridge"}, "json_attributes_topic": "homeassistant/button/flirc-bridge_silvercrest_electric_radiator_toggle/attributes", "json_attributes_template": "{{ value_json | tojson }}"}
homeassistant/button/flirc-bridge_telefunken_tv_mute/attributes;{"format": "csv", "hash": "7fc83e20b75b952dadd9b7fbabea79df815fd10b3e9c9eec00047999083ddd45", "updated_at": "2025-11-09T21:08:49.831491"}
homeassistant/button/flirc-bridge_telefunken_tv_mute/config;{"name": "Telefunken TV Mute", "command_topic": "homeassistant/button/flirc-bridge_telefunken_tv_mute", "payload_press": "PRESS", "unique_id": "flirc-bridge_telefunken_tv_mute", "device": {"identifiers": ["flirc-bridge"], "manufacturer": "Flirc MQTT", "name": "Flirc MQTT Bridge"}, "json_attributes_topic": "homeassistant/button/flirc-bridge_telefunken_tv_mute/attributes", "json_attributes_template": "{{ value_json | tojson }}"}
homeassistant/button/flirc-bridge_telefunken_tv_source/attributes;{"format": "csv", "hash": "8831ce757908f222e6cb32df02714615cc7ff084c3cd6762f2693aaaf49b5f0d", "updated_at": "2025-11-09T21:08:49.834489"}
homeassistant/button/flirc-bridge_telefunken_tv_source/config;{"name": "Telefunken TV Source", "command_topic": "homeassistant/button/flirc-bridge_telefunken_tv_source", "payload_press": "PRESS", "unique_id": "flirc-bridge_telefunken_tv_source", "device": {"identifiers": ["flirc-bridge"], "manufacturer": "Flirc MQTT", "name": "Flirc MQTT Bridge"}, "json_attributes_topic": "homeassistant/button/flirc-bridge_telefunken_tv_source/attributes", "json_attributes_template": "{{ value_json | tojson }}"}
homeassistant/button/flirc-bridge_telefunken_tv_toggle/attributes;{"format": "csv", "hash": "3d33606d3575421bad2c41433317ede1269a794f762c6385c6c00db6a99c1e14", "updated_at": "2025-11-09T21:08:49.828491"}
homeassistant/button/flirc-bridge_telefunken_tv_toggle/config;{"name": "Telefunken TV Toggle", "command_topic": "homeassistant/button/flirc-bridge_telefunken_tv_toggle", "payload_press": "PRESS", "unique_id": "flirc-bridge_telefunken_tv_toggle", "device": {"identifiers": ["flirc-bridge"], "manufacturer": "Flirc MQTT", "name": "Flirc MQTT Bridge"}, "json_attributes_topic": "homeassistant/button/flirc-bridge_telefunken_tv_toggle/attributes", "json_attributes_template": "{{ value_json | tojson }}"}
homeassistant/button/flirc-bridge_telekom_media_reciever_mute/attributes;{"format": "csv", "hash": "9c4e26239bb0d41a22bf477d87ce86808e960dd7093fb4ac3d7f9a87b6dba5af", "updated_at": "2025-11-09T21:08:49.886774"}
homeassistant/button/flirc-bridge_telekom_media_reciever_mute/config;{"name": "Telekom Media Reciever Mute", "command_topic": "homeassistant/button/flirc-bridge_telekom_media_reciever_mute", "payload_press": "PRESS", "unique_id": "flirc-bridge_telekom_media_reciever_mute", "device": {"identifiers": ["flirc-bridge"], "manufacturer": "Flirc MQTT", "name": "Flirc MQTT Bridge"}, "json_attributes_topic": "homeassistant/button/flirc-bridge_telekom_media_reciever_mute/attributes", "json_attributes_template": "{{ value_json | tojson }}"}
homeassistant/button/flirc-bridge_telekom_media_reciever_toggle/attributes;{"format": "csv", "hash": "0686fdb900e4701e1461b3d5ae7e310e1a34049c1864ccbf129abadb362f1027", "updated_at": "2025-11-09T21:08:49.882465"}
homeassistant/button/flirc-bridge_telekom_media_reciever_toggle/config;{"name": "Telekom Media Reciever Toggle", "command_topic": "homeassistant/button/flirc-bridge_telekom_media_reciever_toggle", "payload_press": "PRESS", "unique_id": "flirc-bridge_telekom_media_reciever_toggle", "device": {"identifiers": ["flirc-bridge"], "manufacturer": "Flirc MQTT", "name": "Flirc MQTT Bridge"}, "json_attributes_topic": "homeassistant/button/flirc-bridge_telekom_media_reciever_toggle/attributes", "json_attributes_template": "{{ value_json | tojson }}"}
homeassistant/button/flirc-bridge_unknown_1/attributes;{"format": "csv", "hash": "e156ec1c8fe69a093e4076886b7763caba45c5de005c786a08a5a51a3efbfa33", "updated_at": "2025-11-09T21:08:49.952004"}
homeassistant/button/flirc-bridge_unknown_1/config;{"name": "Unknown 1", "command_topic": "homeassistant/button/flirc-bridge_unknown_1", "payload_press": "PRESS", "unique_id": "flirc-bridge_unknown_1", "device": {"identifiers": ["flirc-bridge"], "manufacturer": "Flirc MQTT", "name": "Flirc MQTT Bridge"}, "json_attributes_topic": "homeassistant/button/flirc-bridge_unknown_1/attributes", "json_attributes_template": "{{ value_json | tojson }}"}
homeassistant/button/flirc-bridge_unknown_2/attributes;{"format": "csv", "hash": "bdc963682871bee374034c993459073f9b089b728f71be584f9fe9f363b0ba5d", "updated_at": "2025-11-09T21:08:49.955076"}
homeassistant/button/flirc-bridge_unknown_2/config;{"name": "Unknown 2", "command_topic": "homeassistant/button/flirc-bridge_unknown_2", "payload_press": "PRESS", "unique_id": "flirc-bridge_unknown_2", "device": {"identifiers": ["flirc-bridge"], "manufacturer": "Flirc MQTT", "name": "Flirc MQTT Bridge"}, "json_attributes_topic": "homeassistant/button/flirc-bridge_unknown_2/attributes", "json_attributes_template": "{{ value_json | tojson }}"}
homeassistant/button/flirc-bridge_unknown_3/attributes;{"format": "csv", "hash": "714cd30b9ef0007c5b35bd05fd96a1e482112d733bf2edaa9efd896aca975586", "updated_at": "2025-11-09T21:08:49.958091"}
homeassistant/button/flirc-bridge_unknown_3/config;{"name": "Unknown 3", "command_topic": "homeassistant/button/flirc-bridge_unknown_3", "payload_press": "PRESS", "unique_id": "flirc-bridge_unknown_3", "device": {"identifiers": ["flirc-bridge"], "manufacturer": "Flirc MQTT", "name": "Flirc MQTT Bridge"}, "json_attributes_topic": "homeassistant/button/flirc-bridge_unknown_3/attributes", "json_attributes_template": "{{ value_json | tojson }}"}
homeassistant/button/flirc-bridge_voltomat_dim/attributes;{"format": "csv", "hash": "78c524b21b474a0032dd78ab7bf161c18cb34a773994a54f5aad1aab7c65aa91", "updated_at": "2025-11-09T21:08:49.821215"}
homeassistant/button/flirc-bridge_voltomat_dim/config;{"name": "Voltomat Dim", "command_topic": "homeassistant/button/flirc-bridge_voltomat_dim", "payload_press": "PRESS", "unique_id": "flirc-bridge_voltomat_dim", "device": {"identifiers": ["flirc-bridge"], "manufacturer": "Flirc MQTT", "name": "Flirc MQTT Bridge"}, "json_attributes_topic": "homeassistant/button/flirc-bridge_voltomat_dim/attributes", "json_attributes_template": "{{ value_json | tojson }}"}
homeassistant/button/flirc-bridge_voltomat_off/attributes;{"format": "csv", "hash": "2060637546dc025f2e9076c7d2b0671e0272951e3f02a847633e8ab3a32540f2", "updated_at": "2025-11-09T21:08:49.813513"}
homeassistant/button/flirc-bridge_voltomat_off/config;{"name": "Voltomat Off", "command_topic": "homeassistant/button/flirc-bridge_voltomat_off", "payload_press": "PRESS", "unique_id": "flirc-bridge_voltomat_off", "device": {"identifiers": ["flirc-bridge"], "manufacturer": "Flirc MQTT", "name": "Flirc MQTT Bridge"}, "json_attributes_topic": "homeassistant/button/flirc-bridge_voltomat_off/attributes", "json_attributes_template": "{{ value_json | tojson }}"}
homeassistant/button/flirc-bridge_voltomat_on/attributes;{"format": "csv", "hash": "80c8ef3eea4e79dd77e23610cca06ca0ee4dd704add22256be090a68af4abf37", "updated_at": "2025-11-09T21:08:49.817045"}
homeassistant/button/flirc-bridge_voltomat_on/config;{"name": "Voltomat On", "command_topic": "homeassistant/button/flirc-bridge_voltomat_on", "payload_press": "PRESS", "unique_id": "flirc-bridge_voltomat_on", "device": {"identifiers": ["flirc-bridge"], "manufacturer": "Flirc MQTT", "name": "Flirc MQTT Bridge"}, "json_attributes_topic": "homeassistant/button/flirc-bridge_voltomat_on/attributes", "json_attributes_template": "{{ value_json | tojson }}"}
homeassistant/button/flirc-bridge_voltomat_timer/attributes;{"format": "csv", "hash": "813d2a1009d9cd0824b4aa47d932888e50f3e5ecb3e2f20e9f934bb3a281bd50", "updated_at": "2025-11-09T21:08:49.825420"}
homeassistant/button/flirc-bridge_voltomat_timer/config;{"name": "Voltomat Timer", "command_topic": "homeassistant/button/flirc-bridge_voltomat_timer", "payload_press": "PRESS", "unique_id": "flirc-bridge_voltomat_timer", "device": {"identifiers": ["flirc-bridge"], "manufacturer": "Flirc MQTT", "name": "Flirc MQTT Bridge"}, "json_attributes_topic": "homeassistant/button/flirc-bridge_voltomat_timer/attributes", "json_attributes_template": "{{ value_json | tojson }}"}
